Data as of,StartWeek,EndWeek,State,County,Fips Code,COVID-19 Deaths,Total Deaths
9/24/2020,2/1/2020,8/1/2020,AL,Autauga County,1001,18,272
9/24/2020,2/1/2020,8/1/2020,AL,Baldwin County,1003,26,1129
9/24/2020,2/1/2020,8/1/2020,AL,Butler County,1013,22,128
9/24/2020,2/1/2020,8/1/2020,AL,Calhoun County,1015,20,812
9/24/2020,2/1/2020,8/1/2020,AL,Colbert County,1033,16,328
9/24/2020,2/1/2020,8/1/2020,AL,Covington County,1039,36,304
9/24/2020,2/1/2020,8/1/2020,AL,Cullman County,1043,16,515
9/24/2020,2/1/2020,8/1/2020,AL,Dale County,1045,29,252
9/24/2020,2/1/2020,8/1/2020,AL,Dallas County,1047,28,264
9/24/2020,2/1/2020,8/1/2020,AL,Elmore County,1051,29,386
9/24/2020,2/1/2020,8/1/2020,AL,Escambia County,1053,11,208
9/24/2020,2/1/2020,8/1/2020,AL,Etowah County,1055,61,860
9/24/2020,2/1/2020,8/1/2020,AL,Franklin County,1059,10,166
9/24/2020,2/1/2020,8/1/2020,AL,Houston County,1069,114,1048
9/24/2020,2/1/2020,8/1/2020,AL,Jefferson County,1073,373,5439
9/24/2020,2/1/2020,8/1/2020,AL,Lauderdale County,1077,26,754
9/24/2020,2/1/2020,8/1/2020,AL,Lee County,1081,104,698
9/24/2020,2/1/2020,8/1/2020,AL,Limestone County,1083,19,404
9/24/2020,2/1/2020,8/1/2020,AL,Madison County,1089,66,2162
9/24/2020,2/1/2020,8/1/2020,AL,Marengo County,1091,13,134
9/24/2020,2/1/2020,8/1/2020,AL,Marion County,1093,21,225
9/24/2020,2/1/2020,8/1/2020,AL,Marshall County,1095,36,638
9/24/2020,2/1/2020,8/1/2020,AL,Mobile County,1097,270,2933
9/24/2020,2/1/2020,8/1/2020,AL,Montgomery County,1101,261,1806
9/24/2020,2/1/2020,8/1/2020,AL,Morgan County,1103,26,701
9/24/2020,2/1/2020,8/1/2020,AL,Pike County,1109,12,163
9/24/2020,2/1/2020,8/1/2020,AL,St. Clair County,1115,10,433
9/24/2020,2/1/2020,8/1/2020,AL,Shelby County,1117,35,733
9/24/2020,2/1/2020,8/1/2020,AL,Tallapoosa County,1123,61,311
9/24/2020,2/1/2020,8/1/2020,AL,Tuscaloosa County,1125,132,1264
9/24/2020,2/1/2020,8/1/2020,AL,Walker County,1127,46,567
9/24/2020,2/1/2020,8/1/2020,AK,Anchorage Borough,2020,16,1087
9/24/2020,2/1/2020,8/1/2020,AZ,Apache County,4001,34,287
9/24/2020,2/1/2020,8/1/2020,AZ,Cochise County,4003,22,584
9/24/2020,2/1/2020,8/1/2020,AZ,Coconino County,4005,115,669
9/24/2020,2/1/2020,8/1/2020,AZ,Gila County,4007,21,404
9/24/2020,2/1/2020,8/1/2020,AZ,Graham County,4009,11,173
9/24/2020,2/1/2020,8/1/2020,AZ,Maricopa County,4013,2579,23280
9/24/2020,2/1/2020,8/1/2020,AZ,Mohave County,4015,148,1960
9/24/2020,2/1/2020,8/1/2020,AZ,Navajo County,4017,52,590
9/24/2020,2/1/2020,8/1/2020,AZ,Pima County,4019,592,6775
9/24/2020,2/1/2020,8/1/2020,AZ,Pinal County,4021,60,1461
9/24/2020,2/1/2020,8/1/2020,AZ,Yavapai County,4025,64,1716
9/24/2020,2/1/2020,8/1/2020,AZ,Yuma County,4027,256,1219
9/24/2020,2/1/2020,8/1/2020,AR,Benton County,5007,75,1007
9/24/2020,2/1/2020,8/1/2020,AR,Columbia County,5027,10,139
9/24/2020,2/1/2020,8/1/2020,AR,Craighead County,5031,34,1023
9/24/2020,2/1/2020,8/1/2020,AR,Crittenden County,5035,14,183
9/24/2020,2/1/2020,8/1/2020,AR,Faulkner County,5045,10,528
9/24/2020,2/1/2020,8/1/2020,AR,Garland County,5051,35,923
9/24/2020,2/1/2020,8/1/2020,AR,Jefferson County,5069,47,516
9/24/2020,2/1/2020,8/1/2020,AR,Pulaski County,5119,152,3470
9/24/2020,2/1/2020,8/1/2020,AR,Sebastian County,5131,28,1164
9/24/2020,2/1/2020,8/1/2020,AR,Union County,5139,12,283
9/24/2020,2/1/2020,8/1/2020,AR,Washington County,5143,72,1227
9/24/2020,2/1/2020,8/1/2020,CA,Alameda County,6001,219,5703
9/24/2020,2/1/2020,8/1/2020,CA,Butte County,6007,12,1137
9/24/2020,2/1/2020,8/1/2020,CA,Contra Costa County,6013,124,4278
9/24/2020,2/1/2020,8/1/2020,CA,Fresno County,6019,187,4282
9/24/2020,2/1/2020,8/1/2020,CA,Imperial County,6025,152,709
9/24/2020,2/1/2020,8/1/2020,CA,Kern County,6029,220,3605
9/24/2020,2/1/2020,8/1/2020,CA,Kings County,6031,79,533
9/24/2020,2/1/2020,8/1/2020,CA,Los Angeles County,6037,4525,40405
9/24/2020,2/1/2020,8/1/2020,CA,Madera County,6039,40,523
9/24/2020,2/1/2020,8/1/2020,CA,Marin County,6041,57,1073
9/24/2020,2/1/2020,8/1/2020,CA,Merced County,6047,29,849
9/24/2020,2/1/2020,8/1/2020,CA,Monterey County,6053,28,1431
9/24/2020,2/1/2020,8/1/2020,CA,Napa County,6055,12,673
9/24/2020,2/1/2020,8/1/2020,CA,Orange County,6059,817,11743
9/24/2020,2/1/2020,8/1/2020,CA,Placer County,6061,41,2094
9/24/2020,2/1/2020,8/1/2020,CA,Riverside County,6065,913,10231
9/24/2020,2/1/2020,8/1/2020,CA,Sacramento County,6067,159,6747
9/24/2020,2/1/2020,8/1/2020,CA,San Bernardino County,6071,726,9074
9/24/2020,2/1/2020,8/1/2020,CA,San Diego County,6073,739,12810
9/24/2020,2/1/2020,8/1/2020,CA,San Francisco County,6075,77,3350
9/24/2020,2/1/2020,8/1/2020,CA,San Joaquin County,6077,217,3139
9/24/2020,2/1/2020,8/1/2020,CA,San Luis Obispo County,6079,16,1207
9/24/2020,2/1/2020,8/1/2020,CA,San Mateo County,6081,135,2515
9/24/2020,2/1/2020,8/1/2020,CA,Santa Barbara County,6083,72,1744
9/24/2020,2/1/2020,8/1/2020,CA,Santa Clara County,6085,212,6066
9/24/2020,2/1/2020,8/1/2020,CA,Solano County,6095,53,1867
9/24/2020,2/1/2020,8/1/2020,CA,Sonoma County,6097,37,2277
9/24/2020,2/1/2020,8/1/2020,CA,Stanislaus County,6099,199,2830
9/24/2020,2/1/2020,8/1/2020,CA,Tulare County,6107,186,1783
9/24/2020,2/1/2020,8/1/2020,CA,Ventura County,6111,99,3084
9/24/2020,2/1/2020,8/1/2020,CA,Yolo County,6113,29,639
9/24/2020,2/1/2020,8/1/2020,CO,Adams County,8001,241,2126
9/24/2020,2/1/2020,8/1/2020,CO,Arapahoe County,8005,386,2752
9/24/2020,2/1/2020,8/1/2020,CO,Boulder County,8013,80,1327
9/24/2020,2/1/2020,8/1/2020,CO,Broomfield County,8014,22,191
9/24/2020,2/1/2020,8/1/2020,CO,Chaffee County,8015,17,115
9/24/2020,2/1/2020,8/1/2020,CO,Denver County,8031,301,3109
9/24/2020,2/1/2020,8/1/2020,CO,Douglas County,8035,63,931
9/24/2020,2/1/2020,8/1/2020,CO,El Paso County,8041,145,2867
9/24/2020,2/1/2020,8/1/2020,CO,Jefferson County,8059,218,2779
9/24/2020,2/1/2020,8/1/2020,CO,Larimer County,8069,49,1423
9/24/2020,2/1/2020,8/1/2020,CO,Mesa County,8077,14,1000
9/24/2020,2/1/2020,8/1/2020,CO,Montrose County,8085,12,228
9/24/2020,2/1/2020,8/1/2020,CO,Morgan County,8087,40,160
9/24/2020,2/1/2020,8/1/2020,CO,Pueblo County,8101,30,1169
9/24/2020,2/1/2020,8/1/2020,CO,Weld County,8123,116,953
9/24/2020,2/1/2020,8/1/2020,CT,Fairfield County,9001,1431,5090
9/24/2020,2/1/2020,8/1/2020,CT,Hartford County,9003,1403,5962
9/24/2020,2/1/2020,8/1/2020,CT,Litchfield County,9005,131,917
9/24/2020,2/1/2020,8/1/2020,CT,Middlesex County,9007,176,910
9/24/2020,2/1/2020,8/1/2020,CT,New Haven County,9009,1088,5604
9/24/2020,2/1/2020,8/1/2020,CT,New London County,9011,100,1263
9/24/2020,2/1/2020,8/1/2020,CT,Tolland County,9013,46,431
9/24/2020,2/1/2020,8/1/2020,CT,Windham County,9015,12,504
9/24/2020,2/1/2020,8/1/2020,DE,Kent County,10001,101,1037
9/24/2020,2/1/2020,8/1/2020,DE,New Castle County,10003,264,3040
9/24/2020,2/1/2020,8/1/2020,DE,Sussex County,10005,178,1524
9/24/2020,2/1/2020,8/1/2020,DC,District of Columbia,11001,710,4067
9/24/2020,2/1/2020,8/1/2020,FL,Alachua County,12001,86,1982
9/24/2020,2/1/2020,8/1/2020,FL,Bay County,12005,48,1041
9/24/2020,2/1/2020,8/1/2020,FL,Brevard County,12009,143,4143
9/24/2020,2/1/2020,8/1/2020,FL,Broward County,12011,1054,9422
9/24/2020,2/1/2020,8/1/2020,FL,Charlotte County,12015,89,1694
9/24/2020,2/1/2020,8/1/2020,FL,Citrus County,12017,22,1480
9/24/2020,2/1/2020,8/1/2020,FL,Clay County,12019,55,1226
9/24/2020,2/1/2020,8/1/2020,FL,Collier County,12021,156,2146
9/24/2020,2/1/2020,8/1/2020,FL,Columbia County,12023,27,546
9/24/2020,2/1/2020,8/1/2020,FL,Duval County,12031,292,5711
9/24/2020,2/1/2020,8/1/2020,FL,Escambia County,12033,167,2683
9/24/2020,2/1/2020,8/1/2020,FL,Flagler County,12035,17,815
9/24/2020,2/1/2020,8/1/2020,FL,Hendry County,12051,15,113
9/24/2020,2/1/2020,8/1/2020,FL,Hernando County,12053,44,1581
9/24/2020,2/1/2020,8/1/2020,FL,Highlands County,12055,36,996
9/24/2020,2/1/2020,8/1/2020,FL,Hillsborough County,12057,445,6987
9/24/2020,2/1/2020,8/1/2020,FL,Indian River County,12061,42,1233
9/24/2020,2/1/2020,8/1/2020,FL,Jackson County,12063,28,313
9/24/2020,2/1/2020,8/1/2020,FL,Lake County,12069,86,2262
9/24/2020,2/1/2020,8/1/2020,FL,Lee County,12071,314,4384
9/24/2020,2/1/2020,8/1/2020,FL,Leon County,12073,86,1623
9/24/2020,2/1/2020,8/1/2020,FL,Manatee County,12081,248,2615
9/24/2020,2/1/2020,8/1/2020,FL,Marion County,12083,72,2856
9/24/2020,2/1/2020,8/1/2020,FL,Martin County,12085,121,1183
9/24/2020,2/1/2020,8/1/2020,FL,Miami-Dade County,12086,2103,13649
9/24/2020,2/1/2020,8/1/2020,FL,Okaloosa County,12091,49,1062
9/24/2020,2/1/2020,8/1/2020,FL,Okeechobee County,12093,11,233
9/24/2020,2/1/2020,8/1/2020,FL,Orange County,12095,340,5702
9/24/2020,2/1/2020,8/1/2020,FL,Osceola County,12097,115,1436
9/24/2020,2/1/2020,8/1/2020,FL,Palm Beach County,12099,901,9473
9/24/2020,2/1/2020,8/1/2020,FL,Pasco County,12101,109,3482
9/24/2020,2/1/2020,8/1/2020,FL,Pinellas County,12103,480,7210
9/24/2020,2/1/2020,8/1/2020,FL,Polk County,12105,288,4101
9/24/2020,2/1/2020,8/1/2020,FL,Putnam County,12107,12,449
9/24/2020,2/1/2020,8/1/2020,FL,St. Johns County,12109,12,945
9/24/2020,2/1/2020,8/1/2020,FL,St. Lucie County,12111,100,1910
9/24/2020,2/1/2020,8/1/2020,FL,Santa Rosa County,12113,14,610
9/24/2020,2/1/2020,8/1/2020,FL,Sarasota County,12115,178,3481
9/24/2020,2/1/2020,8/1/2020,FL,Seminole County,12117,88,1911
9/24/2020,2/1/2020,8/1/2020,FL,Sumter County,12119,28,1304
9/24/2020,2/1/2020,8/1/2020,FL,Volusia County,12127,156,4256
9/24/2020,2/1/2020,8/1/2020,FL,Walton County,12131,15,350
9/24/2020,2/1/2020,8/1/2020,FL,Washington County,12133,12,158
9/24/2020,2/1/2020,8/1/2020,GA,Appling County,13001,13,88
9/24/2020,2/1/2020,8/1/2020,GA,Baldwin County,13009,42,260
9/24/2020,2/1/2020,8/1/2020,GA,Barrow County,13013,18,241
9/24/2020,2/1/2020,8/1/2020,GA,Bartow County,13015,49,576
9/24/2020,2/1/2020,8/1/2020,GA,Bibb County,13021,139,1605
9/24/2020,2/1/2020,8/1/2020,GA,Bulloch County,13031,17,356
9/24/2020,2/1/2020,8/1/2020,GA,Butts County,13035,20,150
9/24/2020,2/1/2020,8/1/2020,GA,Carroll County,13045,50,671
9/24/2020,2/1/2020,8/1/2020,GA,Chatham County,13051,101,2026
9/24/2020,2/1/2020,8/1/2020,GA,Cherokee County,13057,30,703
9/24/2020,2/1/2020,8/1/2020,GA,Clarke County,13059,65,886
9/24/2020,2/1/2020,8/1/2020,GA,Clayton County,13063,45,779
9/24/2020,2/1/2020,8/1/2020,GA,Cobb County,13067,319,3177
9/24/2020,2/1/2020,8/1/2020,GA,Coffee County,13069,27,231
9/24/2020,2/1/2020,8/1/2020,GA,Colquitt County,13071,28,310
9/24/2020,2/1/2020,8/1/2020,GA,Coweta County,13077,22,550
9/24/2020,2/1/2020,8/1/2020,GA,Crisp County,13081,20,187
9/24/2020,2/1/2020,8/1/2020,GA,DeKalb County,13089,205,2831
9/24/2020,2/1/2020,8/1/2020,GA,Dougherty County,13095,179,866
9/24/2020,2/1/2020,8/1/2020,GA,Douglas County,13097,28,450
9/24/2020,2/1/2020,8/1/2020,GA,Early County,13099,14,79
9/24/2020,2/1/2020,8/1/2020,GA,Fayette County,13113,65,626
9/24/2020,2/1/2020,8/1/2020,GA,Floyd County,13115,36,865
9/24/2020,2/1/2020,8/1/2020,GA,Forsyth County,13117,36,846
9/24/2020,2/1/2020,8/1/2020,GA,Fulton County,13121,514,5228
9/24/2020,2/1/2020,8/1/2020,GA,Glynn County,13127,40,640
9/24/2020,2/1/2020,8/1/2020,GA,Gordon County,13129,17,284
9/24/2020,2/1/2020,8/1/2020,GA,Gwinnett County,13135,217,2389
9/24/2020,2/1/2020,8/1/2020,GA,Habersham County,13137,29,227
9/24/2020,2/1/2020,8/1/2020,GA,Hall County,13139,124,1486
9/24/2020,2/1/2020,8/1/2020,GA,Henry County,13151,56,1029
9/24/2020,2/1/2020,8/1/2020,GA,Houston County,13153,52,703
9/24/2020,2/1/2020,8/1/2020,GA,Jenkins County,13165,12,46
9/24/2020,2/1/2020,8/1/2020,GA,Lamar County,13171,12,76
9/24/2020,2/1/2020,8/1/2020,GA,Laurens County,13175,13,429
9/24/2020,2/1/2020,8/1/2020,GA,Lowndes County,13185,67,638
9/24/2020,2/1/2020,8/1/2020,GA,Mitchell County,13205,15,117
9/24/2020,2/1/2020,8/1/2020,GA,Monroe County,13207,14,151
9/24/2020,2/1/2020,8/1/2020,GA,Muscogee County,13215,177,1616
9/24/2020,2/1/2020,8/1/2020,GA,Newton County,13217,29,412
9/24/2020,2/1/2020,8/1/2020,GA,Oconee County,13219,12,196
9/24/2020,2/1/2020,8/1/2020,GA,Paulding County,13223,10,442
9/24/2020,2/1/2020,8/1/2020,GA,Richmond County,13245,187,2106
9/24/2020,2/1/2020,8/1/2020,GA,Rockdale County,13247,19,431
9/24/2020,2/1/2020,8/1/2020,GA,Spalding County,13255,65,636
9/24/2020,2/1/2020,8/1/2020,GA,Sumter County,13261,35,198
9/24/2020,2/1/2020,8/1/2020,GA,Thomas County,13275,72,428
9/24/2020,2/1/2020,8/1/2020,GA,Tift County,13277,87,377
9/24/2020,2/1/2020,8/1/2020,GA,Toombs County,13279,12,261
9/24/2020,2/1/2020,8/1/2020,GA,Troup County,13285,71,493
9/24/2020,2/1/2020,8/1/2020,GA,Upson County,13293,54,307
9/24/2020,2/1/2020,8/1/2020,GA,Walton County,13297,29,446
9/24/2020,2/1/2020,8/1/2020,GA,Ware County,13299,31,344
9/24/2020,2/1/2020,8/1/2020,GA,Whitfield County,13313,30,478
9/24/2020,2/1/2020,8/1/2020,HI,Honolulu County,15003,21,4263
9/24/2020,2/1/2020,8/1/2020,ID,Ada County,16001,99,2088
9/24/2020,2/1/2020,8/1/2020,ID,Canyon County,16027,37,817
9/24/2020,2/1/2020,8/1/2020,ID,Kootenai County,16055,18,952
9/24/2020,2/1/2020,8/1/2020,ID,Nez Perce County,16069,17,294
9/24/2020,2/1/2020,8/1/2020,ID,Twin Falls County,16083,43,505
9/24/2020,2/1/2020,8/1/2020,IL,Boone County,17007,11,186
9/24/2020,2/1/2020,8/1/2020,IL,Cass County,17017,10,50
9/24/2020,2/1/2020,8/1/2020,IL,Champaign County,17019,23,931
9/24/2020,2/1/2020,8/1/2020,IL,Coles County,17029,16,325
9/24/2020,2/1/2020,8/1/2020,IL,Cook County,17031,4761,27822
9/24/2020,2/1/2020,8/1/2020,IL,DeKalb County,17037,27,441
9/24/2020,2/1/2020,8/1/2020,IL,DuPage County,17043,488,4166
9/24/2020,2/1/2020,8/1/2020,IL,Jackson County,17077,29,344
9/24/2020,2/1/2020,8/1/2020,IL,Jefferson County,17081,13,310
9/24/2020,2/1/2020,8/1/2020,IL,Kane County,17089,262,2045
9/24/2020,2/1/2020,8/1/2020,IL,Kankakee County,17091,64,695
9/24/2020,2/1/2020,8/1/2020,IL,Lake County,17097,367,3210
9/24/2020,2/1/2020,8/1/2020,IL,LaSalle County,17099,12,548
9/24/2020,2/1/2020,8/1/2020,IL,McDonough County,17109,16,165
9/24/2020,2/1/2020,8/1/2020,IL,McHenry County,17111,80,989
9/24/2020,2/1/2020,8/1/2020,IL,McLean County,17113,19,675
9/24/2020,2/1/2020,8/1/2020,IL,Macon County,17115,22,662
9/24/2020,2/1/2020,8/1/2020,IL,Madison County,17119,59,1445
9/24/2020,2/1/2020,8/1/2020,IL,Peoria County,17143,49,1587
9/24/2020,2/1/2020,8/1/2020,IL,Rock Island County,17161,32,839
9/24/2020,2/1/2020,8/1/2020,IL,St. Clair County,17163,135,1489
9/24/2020,2/1/2020,8/1/2020,IL,Sangamon County,17167,42,1462
9/24/2020,2/1/2020,8/1/2020,IL,Will County,17197,280,2663
9/24/2020,2/1/2020,8/1/2020,IL,Winnebago County,17201,143,1884
9/24/2020,2/1/2020,8/1/2020,IN,Allen County,18003,197,2521
9/24/2020,2/1/2020,8/1/2020,IN,Bartholomew County,18005,54,508
9/24/2020,2/1/2020,8/1/2020,IN,Boone County,18011,43,284
9/24/2020,2/1/2020,8/1/2020,IN,Clark County,18019,43,593
9/24/2020,2/1/2020,8/1/2020,IN,Daviess County,18027,12,165
9/24/2020,2/1/2020,8/1/2020,IN,Dearborn County,18029,31,237
9/24/2020,2/1/2020,8/1/2020,IN,Decatur County,18031,20,162
9/24/2020,2/1/2020,8/1/2020,IN,Delaware County,18035,53,887
9/24/2020,2/1/2020,8/1/2020,IN,Elkhart County,18039,78,1007
9/24/2020,2/1/2020,8/1/2020,IN,Floyd County,18043,54,588
9/24/2020,2/1/2020,8/1/2020,IN,Grant County,18053,27,422
9/24/2020,2/1/2020,8/1/2020,IN,Greene County,18055,30,145
9/24/2020,2/1/2020,8/1/2020,IN,Hamilton County,18057,98,1171
9/24/2020,2/1/2020,8/1/2020,IN,Hancock County,18059,29,342
9/24/2020,2/1/2020,8/1/2020,IN,Harrison County,18061,14,189
9/24/2020,2/1/2020,8/1/2020,IN,Hendricks County,18063,137,874
9/24/2020,2/1/2020,8/1/2020,IN,Henry County,18065,11,277
9/24/2020,2/1/2020,8/1/2020,IN,Howard County,18067,63,644
9/24/2020,2/1/2020,8/1/2020,IN,Johnson County,18081,84,676
9/24/2020,2/1/2020,8/1/2020,IN,Lake County,18089,378,3537
9/24/2020,2/1/2020,8/1/2020,IN,La Porte County,18091,32,659
9/24/2020,2/1/2020,8/1/2020,IN,Lawrence County,18093,29,255
9/24/2020,2/1/2020,8/1/2020,IN,Madison County,18095,73,801
9/24/2020,2/1/2020,8/1/2020,IN,Marion County,18097,876,6431
9/24/2020,2/1/2020,8/1/2020,IN,Marshall County,18099,27,246
9/24/2020,2/1/2020,8/1/2020,IN,Monroe County,18105,44,762
9/24/2020,2/1/2020,8/1/2020,IN,Montgomery County,18107,17,191
9/24/2020,2/1/2020,8/1/2020,IN,Morgan County,18109,27,311
9/24/2020,2/1/2020,8/1/2020,IN,Newton County,18111,10,63
9/24/2020,2/1/2020,8/1/2020,IN,Noble County,18113,23,222
9/24/2020,2/1/2020,8/1/2020,IN,Orange County,18117,16,92
9/24/2020,2/1/2020,8/1/2020,IN,Perry County,18123,12,96
9/24/2020,2/1/2020,8/1/2020,IN,Porter County,18127,37,922
9/24/2020,2/1/2020,8/1/2020,IN,St. Joseph County,18141,87,1656
9/24/2020,2/1/2020,8/1/2020,IN,Shelby County,18145,25,233
9/24/2020,2/1/2020,8/1/2020,IN,Tippecanoe County,18157,31,851
9/24/2020,2/1/2020,8/1/2020,IN,Vanderburgh County,18163,42,1485
9/24/2020,2/1/2020,8/1/2020,IN,Vigo County,18167,23,775
9/24/2020,2/1/2020,8/1/2020,IN,Warrick County,18173,23,513
9/24/2020,2/1/2020,8/1/2020,IN,Wayne County,18177,14,585
9/24/2020,2/1/2020,8/1/2020,IA,Black Hawk County,19013,65,748
9/24/2020,2/1/2020,8/1/2020,IA,Cerro Gordo County,19033,16,389
9/24/2020,2/1/2020,8/1/2020,IA,Dallas County,19049,30,237
9/24/2020,2/1/2020,8/1/2020,IA,Dubuque County,19061,31,525
9/24/2020,2/1/2020,8/1/2020,IA,Jasper County,19099,18,163
9/24/2020,2/1/2020,8/1/2020,IA,Johnson County,19103,58,960
9/24/2020,2/1/2020,8/1/2020,IA,Linn County,19113,85,1071
9/24/2020,2/1/2020,8/1/2020,IA,Mahaska County,19123,17,134
9/24/2020,2/1/2020,8/1/2020,IA,Marshall County,19127,16,245
9/24/2020,2/1/2020,8/1/2020,IA,Muscatine County,19139,36,190
9/24/2020,2/1/2020,8/1/2020,IA,Polk County,19153,251,2785
9/24/2020,2/1/2020,8/1/2020,IA,Pottawattamie County,19155,21,520
9/24/2020,2/1/2020,8/1/2020,IA,Poweshiek County,19157,10,110
9/24/2020,2/1/2020,8/1/2020,IA,Scott County,19163,15,981
9/24/2020,2/1/2020,8/1/2020,IA,Story County,19169,17,330
9/24/2020,2/1/2020,8/1/2020,IA,Tama County,19171,18,85
9/24/2020,2/1/2020,8/1/2020,IA,Wapello County,19179,20,219
9/24/2020,2/1/2020,8/1/2020,IA,Washington County,19183,11,120
9/24/2020,2/1/2020,8/1/2020,IA,Webster County,19187,16,266
9/24/2020,2/1/2020,8/1/2020,IA,Woodbury County,19193,93,692
9/24/2020,2/1/2020,8/1/2020,KS,Finney County,20055,14,129
9/24/2020,2/1/2020,8/1/2020,KS,Ford County,20057,12,134
9/24/2020,2/1/2020,8/1/2020,KS,Johnson County,20091,113,2217
9/24/2020,2/1/2020,8/1/2020,KS,Sedgwick County,20173,80,3104
9/24/2020,2/1/2020,8/1/2020,KS,Shawnee County,20177,24,1180
9/24/2020,2/1/2020,8/1/2020,KS,Wyandotte County,20209,112,1110
9/24/2020,2/1/2020,8/1/2020,KY,Boone County,21015,10,424
9/24/2020,2/1/2020,8/1/2020,KY,Boyle County,21021,12,265
9/24/2020,2/1/2020,8/1/2020,KY,Campbell County,21037,52,435
9/24/2020,2/1/2020,8/1/2020,KY,Daviess County,21059,26,695
9/24/2020,2/1/2020,8/1/2020,KY,Fayette County,21067,54,2775
9/24/2020,2/1/2020,8/1/2020,KY,Graves County,21083,27,229
9/24/2020,2/1/2020,8/1/2020,KY,Hopkins County,21107,32,385
9/24/2020,2/1/2020,8/1/2020,KY,Jefferson County,21111,324,5761
9/24/2020,2/1/2020,8/1/2020,KY,Kenton County,21117,41,930
9/24/2020,2/1/2020,8/1/2020,KY,Laurel County,21125,10,347
9/24/2020,2/1/2020,8/1/2020,KY,McCracken County,21145,10,642
9/24/2020,2/1/2020,8/1/2020,KY,Shelby County,21211,12,140
9/24/2020,2/1/2020,8/1/2020,KY,Warren County,21227,70,882
9/24/2020,2/1/2020,8/1/2020,LA,Acadia Parish,22001,50,361
9/24/2020,2/1/2020,8/1/2020,LA,Ascension Parish,22005,28,336
9/24/2020,2/1/2020,8/1/2020,LA,Avoyelles Parish,22009,10,214
9/24/2020,2/1/2020,8/1/2020,LA,Beauregard Parish,22011,17,175
9/24/2020,2/1/2020,8/1/2020,LA,Bossier Parish,22015,55,537
9/24/2020,2/1/2020,8/1/2020,LA,Caddo Parish,22017,397,2364
9/24/2020,2/1/2020,8/1/2020,LA,Calcasieu Parish,22019,142,1368
9/24/2020,2/1/2020,8/1/2020,LA,Claiborne Parish,22027,10,90
9/24/2020,2/1/2020,8/1/2020,LA,De Soto Parish,22031,11,93
9/24/2020,2/1/2020,8/1/2020,LA,East Baton Rouge Parish,22033,565,3440
9/24/2020,2/1/2020,8/1/2020,LA,Iberia Parish,22045,44,452
9/24/2020,2/1/2020,8/1/2020,LA,Jefferson Parish,22051,716,3458
9/24/2020,2/1/2020,8/1/2020,LA,Jefferson Davis Parish,22053,20,203
9/24/2020,2/1/2020,8/1/2020,LA,Lafayette Parish,22055,168,1522
9/24/2020,2/1/2020,8/1/2020,LA,Lafourche Parish,22057,105,569
9/24/2020,2/1/2020,8/1/2020,LA,Lincoln Parish,22061,39,272
9/24/2020,2/1/2020,8/1/2020,LA,Livingston Parish,22063,10,415
9/24/2020,2/1/2020,8/1/2020,LA,Natchitoches Parish,22069,12,184
9/24/2020,2/1/2020,8/1/2020,LA,Orleans Parish,22071,395,2553
9/24/2020,2/1/2020,8/1/2020,LA,Ouachita Parish,22073,150,1162
9/24/2020,2/1/2020,8/1/2020,LA,Pointe Coupee Parish,22077,16,132
9/24/2020,2/1/2020,8/1/2020,LA,Rapides Parish,22079,147,1210
9/24/2020,2/1/2020,8/1/2020,LA,St. Bernard Parish,22087,16,165
9/24/2020,2/1/2020,8/1/2020,LA,St. Charles Parish,22089,27,220
9/24/2020,2/1/2020,8/1/2020,LA,St. James Parish,22093,14,83
9/24/2020,2/1/2020,8/1/2020,LA,St. John the Baptist Parish,22095,33,177
9/24/2020,2/1/2020,8/1/2020,LA,St. Landry Parish,22097,69,549
9/24/2020,2/1/2020,8/1/2020,LA,St. Martin Parish,22099,19,215
9/24/2020,2/1/2020,8/1/2020,LA,St. Mary Parish,22101,38,256
9/24/2020,2/1/2020,8/1/2020,LA,St. Tammany Parish,22103,218,1588
9/24/2020,2/1/2020,8/1/2020,LA,Tangipahoa Parish,22105,64,765
9/24/2020,2/1/2020,8/1/2020,LA,Terrebonne Parish,22109,82,670
9/24/2020,2/1/2020,8/1/2020,LA,Union Parish,22111,19,149
9/24/2020,2/1/2020,8/1/2020,LA,Vermilion Parish,22113,10,287
9/24/2020,2/1/2020,8/1/2020,LA,Vernon Parish,22115,12,177
9/24/2020,2/1/2020,8/1/2020,LA,Washington Parish,22117,28,278
9/24/2020,2/1/2020,8/1/2020,LA,Webster Parish,22119,13,257
9/24/2020,2/1/2020,8/1/2020,LA,Winn Parish,22127,11,82
9/24/2020,2/1/2020,8/1/2020,ME,Cumberland County,23005,86,2037
9/24/2020,2/1/2020,8/1/2020,ME,Kennebec County,23011,11,740
9/24/2020,2/1/2020,8/1/2020,ME,Waldo County,23027,16,163
9/24/2020,2/1/2020,8/1/2020,MD,Allegany County,24001,18,560
9/24/2020,2/1/2020,8/1/2020,MD,Anne Arundel County,24003,285,2627
9/24/2020,2/1/2020,8/1/2020,MD,Baltimore County,24005,595,5040
9/24/2020,2/1/2020,8/1/2020,MD,Calvert County,24009,15,340
9/24/2020,2/1/2020,8/1/2020,MD,Carroll County,24013,145,990
9/24/2020,2/1/2020,8/1/2020,MD,Cecil County,24015,34,529
9/24/2020,2/1/2020,8/1/2020,MD,Charles County,24017,81,594
9/24/2020,2/1/2020,8/1/2020,MD,Frederick County,24021,124,1147
9/24/2020,2/1/2020,8/1/2020,MD,Harford County,24025,59,1140
9/24/2020,2/1/2020,8/1/2020,MD,Howard County,24027,84,988
9/24/2020,2/1/2020,8/1/2020,MD,Kent County,24029,29,184
9/24/2020,2/1/2020,8/1/2020,MD,Montgomery County,24031,1051,4789
9/24/2020,2/1/2020,8/1/2020,MD,Prince George's County,24033,545,3509
9/24/2020,2/1/2020,8/1/2020,MD,St. Mary's County,24037,67,486
9/24/2020,2/1/2020,8/1/2020,MD,Talbot County,24041,20,368
9/24/2020,2/1/2020,8/1/2020,MD,Washington County,24043,34,942
9/24/2020,2/1/2020,8/1/2020,MD,Wicomico County,24045,58,768
9/24/2020,2/1/2020,8/1/2020,MD,Worcester County,24047,30,370
9/24/2020,2/1/2020,8/1/2020,MD,Baltimore city,24510,585,5173
9/24/2020,2/1/2020,8/1/2020,MA,Barnstable County,25001,133,1567
9/24/2020,2/1/2020,8/1/2020,MA,Berkshire County,25003,41,846
9/24/2020,2/1/2020,8/1/2020,MA,Bristol County,25005,537,3096
9/24/2020,2/1/2020,8/1/2020,MA,Essex County,25009,994,4623
9/24/2020,2/1/2020,8/1/2020,MA,Franklin County,25011,36,331
9/24/2020,2/1/2020,8/1/2020,MA,Hampden County,25013,646,3368
9/24/2020,2/1/2020,8/1/2020,MA,Hampshire County,25015,106,742
9/24/2020,2/1/2020,8/1/2020,MA,Middlesex County,25017,1852,7462
9/24/2020,2/1/2020,8/1/2020,MA,Norfolk County,25021,745,3611
9/24/2020,2/1/2020,8/1/2020,MA,Plymouth County,25023,597,2906
9/24/2020,2/1/2020,8/1/2020,MA,Suffolk County,25025,1253,5272
9/24/2020,2/1/2020,8/1/2020,MA,Worcester County,25027,957,4784
9/24/2020,2/1/2020,8/1/2020,MI,Alpena County,26007,14,208
9/24/2020,2/1/2020,8/1/2020,MI,Bay County,26017,25,757
9/24/2020,2/1/2020,8/1/2020,MI,Berrien County,26021,65,935
9/24/2020,2/1/2020,8/1/2020,MI,Calhoun County,26025,35,874
9/24/2020,2/1/2020,8/1/2020,MI,Crawford County,26039,11,110
9/24/2020,2/1/2020,8/1/2020,MI,Genesee County,26049,265,2828
9/24/2020,2/1/2020,8/1/2020,MI,Grand Traverse County,26055,11,752
9/24/2020,2/1/2020,8/1/2020,MI,Gratiot County,26057,14,243
9/24/2020,2/1/2020,8/1/2020,MI,Hillsdale County,26059,23,241
9/24/2020,2/1/2020,8/1/2020,MI,Ingham County,26065,57,1687
9/24/2020,2/1/2020,8/1/2020,MI,Jackson County,26075,76,994
9/24/2020,2/1/2020,8/1/2020,MI,Kalamazoo County,26077,100,1702
9/24/2020,2/1/2020,8/1/2020,MI,Kent County,26081,153,3301
9/24/2020,2/1/2020,8/1/2020,MI,Lapeer County,26087,31,469
9/24/2020,2/1/2020,8/1/2020,MI,Livingston County,26093,34,730
9/24/2020,2/1/2020,8/1/2020,MI,Macomb County,26099,677,4943
9/24/2020,2/1/2020,8/1/2020,MI,Marquette County,26103,12,371
9/24/2020,2/1/2020,8/1/2020,MI,Muskegon County,26121,68,1059
9/24/2020,2/1/2020,8/1/2020,MI,Oakland County,26125,1309,8034
9/24/2020,2/1/2020,8/1/2020,MI,Ottawa County,26139,36,1041
9/24/2020,2/1/2020,8/1/2020,MI,Saginaw County,26145,151,1518
9/24/2020,2/1/2020,8/1/2020,MI,St. Clair County,26147,45,903
9/24/2020,2/1/2020,8/1/2020,MI,Shiawassee County,26155,19,380
9/24/2020,2/1/2020,8/1/2020,MI,Tuscola County,26157,12,225
9/24/2020,2/1/2020,8/1/2020,MI,Washtenaw County,26161,261,2210
9/24/2020,2/1/2020,8/1/2020,MI,Wayne County,26163,2271,12565
9/24/2020,2/1/2020,8/1/2020,MN,Anoka County,27003,136,1194
9/24/2020,2/1/2020,8/1/2020,MN,Clay County,27027,28,180
9/24/2020,2/1/2020,8/1/2020,MN,Crow Wing County,27035,13,313
9/24/2020,2/1/2020,8/1/2020,MN,Dakota County,27037,58,1245
9/24/2020,2/1/2020,8/1/2020,MN,Hennepin County,27053,835,6350
9/24/2020,2/1/2020,8/1/2020,MN,Nicollet County,27103,10,102
9/24/2020,2/1/2020,8/1/2020,MN,Olmsted County,27109,31,1090
9/24/2020,2/1/2020,8/1/2020,MN,Ramsey County,27123,335,3011
9/24/2020,2/1/2020,8/1/2020,MN,St. Louis County,27137,27,1427
9/24/2020,2/1/2020,8/1/2020,MN,Scott County,27139,10,359
9/24/2020,2/1/2020,8/1/2020,MN,Stearns County,27145,30,937
9/24/2020,2/1/2020,8/1/2020,MN,Washington County,27163,27,819
9/24/2020,2/1/2020,8/1/2020,MN,Winona County,27169,19,204
9/24/2020,2/1/2020,8/1/2020,MS,Adams County,28001,31,227
9/24/2020,2/1/2020,8/1/2020,MS,Alcorn County,28003,10,291
9/24/2020,2/1/2020,8/1/2020,MS,Attala County,28007,13,136
9/24/2020,2/1/2020,8/1/2020,MS,Bolivar County,28011,21,199
9/24/2020,2/1/2020,8/1/2020,MS,Coahoma County,28027,14,153
9/24/2020,2/1/2020,8/1/2020,MS,DeSoto County,28033,65,837
9/24/2020,2/1/2020,8/1/2020,MS,Forrest County,28035,126,887
9/24/2020,2/1/2020,8/1/2020,MS,Grenada County,28043,13,163
9/24/2020,2/1/2020,8/1/2020,MS,Hancock County,28045,10,206
9/24/2020,2/1/2020,8/1/2020,MS,Harrison County,28047,38,1301
9/24/2020,2/1/2020,8/1/2020,MS,Hinds County,28049,323,2633
9/24/2020,2/1/2020,8/1/2020,MS,Holmes County,28051,16,96
9/24/2020,2/1/2020,8/1/2020,MS,Jackson County,28059,43,835
9/24/2020,2/1/2020,8/1/2020,MS,Jones County,28067,51,397
9/24/2020,2/1/2020,8/1/2020,MS,Lafayette County,28071,41,428
9/24/2020,2/1/2020,8/1/2020,MS,Lamar County,28073,29,280
9/24/2020,2/1/2020,8/1/2020,MS,Lauderdale County,28075,190,859
9/24/2020,2/1/2020,8/1/2020,MS,Lee County,28081,113,1155
9/24/2020,2/1/2020,8/1/2020,MS,Leflore County,28083,65,304
9/24/2020,2/1/2020,8/1/2020,MS,Lincoln County,28085,37,232
9/24/2020,2/1/2020,8/1/2020,MS,Lowndes County,28087,51,453
9/24/2020,2/1/2020,8/1/2020,MS,Madison County,28089,31,551
9/24/2020,2/1/2020,8/1/2020,MS,Monroe County,28095,33,220
9/24/2020,2/1/2020,8/1/2020,MS,Neshoba County,28099,15,161
9/24/2020,2/1/2020,8/1/2020,MS,Oktibbeha County,28105,32,172
9/24/2020,2/1/2020,8/1/2020,MS,Pearl River County,28109,14,309
9/24/2020,2/1/2020,8/1/2020,MS,Pike County,28113,30,304
9/24/2020,2/1/2020,8/1/2020,MS,Rankin County,28121,15,540
9/24/2020,2/1/2020,8/1/2020,MS,Simpson County,28127,16,152
9/24/2020,2/1/2020,8/1/2020,MS,Sunflower County,28133,17,166
9/24/2020,2/1/2020,8/1/2020,MS,Tate County,28137,10,109
9/24/2020,2/1/2020,8/1/2020,MS,Warren County,28149,41,327
9/24/2020,2/1/2020,8/1/2020,MS,Washington County,28151,40,384
9/24/2020,2/1/2020,8/1/2020,MS,Wayne County,28153,18,112
9/24/2020,2/1/2020,8/1/2020,MS,Webster County,28155,10,79
9/24/2020,2/1/2020,8/1/2020,MS,Winston County,28159,10,96
9/24/2020,2/1/2020,8/1/2020,MO,Boone County,29019,11,1148
9/24/2020,2/1/2020,8/1/2020,MO,Cape Girardeau County,29031,13,743
9/24/2020,2/1/2020,8/1/2020,MO,Clay County,29047,41,1241
9/24/2020,2/1/2020,8/1/2020,MO,Franklin County,29071,13,499
9/24/2020,2/1/2020,8/1/2020,MO,Greene County,29077,28,2338
9/24/2020,2/1/2020,8/1/2020,MO,Jackson County,29095,125,4330
9/24/2020,2/1/2020,8/1/2020,MO,Jasper County,29097,20,490
9/24/2020,2/1/2020,8/1/2020,MO,Jefferson County,29099,23,815
9/24/2020,2/1/2020,8/1/2020,MO,Newton County,29145,20,776
9/24/2020,2/1/2020,8/1/2020,MO,St. Charles County,29183,96,1667
9/24/2020,2/1/2020,8/1/2020,MO,St. Louis County,29189,651,7242
9/24/2020,2/1/2020,8/1/2020,MO,Scott County,29201,11,239
9/24/2020,2/1/2020,8/1/2020,MO,St. Louis city,29510,176,2717
9/24/2020,2/1/2020,8/1/2020,MT,Yellowstone County,30111,40,1059
9/24/2020,2/1/2020,8/1/2020,NE,Adams County,31001,12,165
9/24/2020,2/1/2020,8/1/2020,NE,Buffalo County,31019,13,297
9/24/2020,2/1/2020,8/1/2020,NE,Dakota County,31043,10,67
9/24/2020,2/1/2020,8/1/2020,NE,Dodge County,31053,10,224
9/24/2020,2/1/2020,8/1/2020,NE,Douglas County,31055,163,2921
9/24/2020,2/1/2020,8/1/2020,NE,Hall County,31079,35,277
9/24/2020,2/1/2020,8/1/2020,NE,Hamilton County,31081,14,46
9/24/2020,2/1/2020,8/1/2020,NE,Lancaster County,31109,33,1495
9/24/2020,2/1/2020,8/1/2020,NE,Sarpy County,31153,10,477
9/24/2020,2/1/2020,8/1/2020,NV,Clark County,32003,754,10589
9/24/2020,2/1/2020,8/1/2020,NV,Washoe County,32031,124,2614
9/24/2020,2/1/2020,8/1/2020,NH,Hillsborough County,33011,284,2116
9/24/2020,2/1/2020,8/1/2020,NH,Merrimack County,33013,22,829
9/24/2020,2/1/2020,8/1/2020,NH,Rockingham County,33015,79,1274
9/24/2020,2/1/2020,8/1/2020,NJ,Atlantic County,34001,199,1729
9/24/2020,2/1/2020,8/1/2020,NJ,Bergen County,34003,2043,6318
9/24/2020,2/1/2020,8/1/2020,NJ,Burlington County,34005,414,2221
9/24/2020,2/1/2020,8/1/2020,NJ,Camden County,34007,534,3716
9/24/2020,2/1/2020,8/1/2020,NJ,Cape May County,34009,71,639
9/24/2020,2/1/2020,8/1/2020,NJ,Cumberland County,34011,116,923
9/24/2020,2/1/2020,8/1/2020,NJ,Essex County,34013,1999,5956
9/24/2020,2/1/2020,8/1/2020,NJ,Gloucester County,34015,194,1561
9/24/2020,2/1/2020,8/1/2020,NJ,Hudson County,34017,1074,3083
9/24/2020,2/1/2020,8/1/2020,NJ,Hunterdon County,34019,119,544
9/24/2020,2/1/2020,8/1/2020,NJ,Mercer County,34021,515,2019
9/24/2020,2/1/2020,8/1/2020,NJ,Middlesex County,34023,1449,5093
9/24/2020,2/1/2020,8/1/2020,NJ,Monmouth County,34025,841,4152
9/24/2020,2/1/2020,8/1/2020,NJ,Morris County,34027,978,3604
9/24/2020,2/1/2020,8/1/2020,NJ,Ocean County,34029,810,4441
9/24/2020,2/1/2020,8/1/2020,NJ,Passaic County,34031,977,2980
9/24/2020,2/1/2020,8/1/2020,NJ,Salem County,34033,59,390
9/24/2020,2/1/2020,8/1/2020,NJ,Somerset County,34035,394,1630
9/24/2020,2/1/2020,8/1/2020,NJ,Sussex County,34037,156,749
9/24/2020,2/1/2020,8/1/2020,NJ,Union County,34039,984,3288
9/24/2020,2/1/2020,8/1/2020,NJ,Warren County,34041,138,604
9/24/2020,2/1/2020,8/1/2020,NM,Bernalillo County,35001,293,4157
9/24/2020,2/1/2020,8/1/2020,NM,Dona Ana County,35013,28,1028
9/24/2020,2/1/2020,8/1/2020,NM,McKinley County,35031,87,357
9/24/2020,2/1/2020,8/1/2020,NM,Sandoval County,35043,74,743
9/24/2020,2/1/2020,8/1/2020,NM,San Juan County,35045,178,735
9/24/2020,2/1/2020,8/1/2020,NM,Santa Fe County,35049,12,707
9/24/2020,2/1/2020,8/1/2020,NY,Albany County,36001,195,2108
9/24/2020,2/1/2020,8/1/2020,NY,Broome County,36007,87,1327
9/24/2020,2/1/2020,8/1/2020,NY,Columbia County,36021,47,349
9/24/2020,2/1/2020,8/1/2020,NY,Dutchess County,36027,199,1550
9/24/2020,2/1/2020,8/1/2020,NY,Erie County,36029,691,6030
9/24/2020,2/1/2020,8/1/2020,NY,Fulton County,36035,31,271
9/24/2020,2/1/2020,8/1/2020,NY,Madison County,36053,12,280
9/24/2020,2/1/2020,8/1/2020,NY,Monroe County,36055,325,4421
9/24/2020,2/1/2020,8/1/2020,NY,Nassau County,36059,3212,9965
9/24/2020,2/1/2020,8/1/2020,NY,Niagara County,36063,78,1204
9/24/2020,2/1/2020,8/1/2020,NY,Oneida County,36065,124,1556
9/24/2020,2/1/2020,8/1/2020,NY,Onondaga County,36067,233,3024
9/24/2020,2/1/2020,8/1/2020,NY,Ontario County,36069,31,585
9/24/2020,2/1/2020,8/1/2020,NY,Orange County,36071,470,1951
9/24/2020,2/1/2020,8/1/2020,NY,Orleans County,36073,44,185
9/24/2020,2/1/2020,8/1/2020,NY,Otsego County,36077,11,431
9/24/2020,2/1/2020,8/1/2020,NY,Putnam County,36079,68,329
9/24/2020,2/1/2020,8/1/2020,NY,Rensselaer County,36083,36,777
9/24/2020,2/1/2020,8/1/2020,NY,Rockland County,36087,654,1883
9/24/2020,2/1/2020,8/1/2020,NY,Schenectady County,36093,29,881
9/24/2020,2/1/2020,8/1/2020,NY,Steuben County,36101,36,500
9/24/2020,2/1/2020,8/1/2020,NY,Suffolk County,36103,2675,9480
9/24/2020,2/1/2020,8/1/2020,NY,Sullivan County,36105,43,360
9/24/2020,2/1/2020,8/1/2020,NY,Tioga County,36107,18,172
9/24/2020,2/1/2020,8/1/2020,NY,Ulster County,36111,56,771
9/24/2020,2/1/2020,8/1/2020,NY,Warren County,36113,42,507
9/24/2020,2/1/2020,8/1/2020,NY,Washington County,36115,12,290
9/24/2020,2/1/2020,8/1/2020,NY,Westchester County,36119,1870,5826
9/24/2020,2/1/2020,8/1/2020,NY,Bronx County,36005,4252,11263
9/24/2020,2/1/2020,8/1/2020,NY,Kings County,36047,6029,15323
9/24/2020,2/1/2020,8/1/2020,NY,New York County,36061,3918,11392
9/24/2020,2/1/2020,8/1/2020,NY,Queens County,36081,5413,13499
9/24/2020,2/1/2020,8/1/2020,NY,Richmond County,36085,972,3034
9/24/2020,2/1/2020,8/1/2020,NC,Alamance County,37001,18,866
9/24/2020,2/1/2020,8/1/2020,NC,Brunswick County,37019,14,661
9/24/2020,2/1/2020,8/1/2020,NC,Buncombe County,37021,74,1938
9/24/2020,2/1/2020,8/1/2020,NC,Burke County,37023,28,492
9/24/2020,2/1/2020,8/1/2020,NC,Cabarrus County,37025,56,1027
9/24/2020,2/1/2020,8/1/2020,NC,Caldwell County,37027,10,447
9/24/2020,2/1/2020,8/1/2020,NC,Catawba County,37035,37,986
9/24/2020,2/1/2020,8/1/2020,NC,Chatham County,37037,47,462
9/24/2020,2/1/2020,8/1/2020,NC,Cleveland County,37045,20,615
9/24/2020,2/1/2020,8/1/2020,NC,Columbus County,37047,18,360
9/24/2020,2/1/2020,8/1/2020,NC,Craven County,37049,14,615
9/24/2020,2/1/2020,8/1/2020,NC,Cumberland County,37051,62,1506
9/24/2020,2/1/2020,8/1/2020,NC,Davidson County,37057,15,743
9/24/2020,2/1/2020,8/1/2020,NC,Duplin County,37061,18,240
9/24/2020,2/1/2020,8/1/2020,NC,Durham County,37063,137,1850
9/24/2020,2/1/2020,8/1/2020,NC,Edgecombe County,37065,10,299
9/24/2020,2/1/2020,8/1/2020,NC,Forsyth County,37067,96,2688
9/24/2020,2/1/2020,8/1/2020,NC,Franklin County,37069,10,193
9/24/2020,2/1/2020,8/1/2020,NC,Gaston County,37071,33,1246
9/24/2020,2/1/2020,8/1/2020,NC,Guilford County,37081,186,2752
9/24/2020,2/1/2020,8/1/2020,NC,Harnett County,37085,25,454
9/24/2020,2/1/2020,8/1/2020,NC,Haywood County,37087,10,373
9/24/2020,2/1/2020,8/1/2020,NC,Henderson County,37089,56,758
9/24/2020,2/1/2020,8/1/2020,NC,Hertford County,37091,20,170
9/24/2020,2/1/2020,8/1/2020,NC,Iredell County,37097,17,855
9/24/2020,2/1/2020,8/1/2020,NC,Johnston County,37101,23,697
9/24/2020,2/1/2020,8/1/2020,NC,Lenoir County,37107,16,313
9/24/2020,2/1/2020,8/1/2020,NC,Mecklenburg County,37119,246,4343
9/24/2020,2/1/2020,8/1/2020,NC,Moore County,37125,46,805
9/24/2020,2/1/2020,8/1/2020,NC,Nash County,37127,12,514
9/24/2020,2/1/2020,8/1/2020,NC,New Hanover County,37129,43,1589
9/24/2020,2/1/2020,8/1/2020,NC,Onslow County,37133,11,491
9/24/2020,2/1/2020,8/1/2020,NC,Orange County,37135,60,702
9/24/2020,2/1/2020,8/1/2020,NC,Pasquotank County,37139,17,293
9/24/2020,2/1/2020,8/1/2020,NC,Pitt County,37147,44,1388
9/24/2020,2/1/2020,8/1/2020,NC,Randolph County,37151,18,660
9/24/2020,2/1/2020,8/1/2020,NC,Robeson County,37155,44,665
9/24/2020,2/1/2020,8/1/2020,NC,Rowan County,37159,53,851
9/24/2020,2/1/2020,8/1/2020,NC,Union County,37179,33,716
9/24/2020,2/1/2020,8/1/2020,NC,Vance County,37181,43,295
9/24/2020,2/1/2020,8/1/2020,NC,Wake County,37183,198,3549
9/24/2020,2/1/2020,8/1/2020,NC,Wayne County,37191,52,844
9/24/2020,2/1/2020,8/1/2020,NC,Wilson County,37195,37,487
9/24/2020,2/1/2020,8/1/2020,ND,Burleigh County,38015,13,647
9/24/2020,2/1/2020,8/1/2020,ND,Cass County,38017,100,1118
9/24/2020,2/1/2020,8/1/2020,OH,Allen County,39003,49,789
9/24/2020,2/1/2020,8/1/2020,OH,Ashtabula County,39007,33,520
9/24/2020,2/1/2020,8/1/2020,OH,Butler County,39017,68,1741
9/24/2020,2/1/2020,8/1/2020,OH,Clark County,39023,10,866
9/24/2020,2/1/2020,8/1/2020,OH,Columbiana County,39029,46,632
9/24/2020,2/1/2020,8/1/2020,OH,Cuyahoga County,39035,547,8964
9/24/2020,2/1/2020,8/1/2020,OH,Darke County,39037,19,281
9/24/2020,2/1/2020,8/1/2020,OH,Erie County,39043,24,609
9/24/2020,2/1/2020,8/1/2020,OH,Fairfield County,39045,26,758
9/24/2020,2/1/2020,8/1/2020,OH,Franklin County,39049,607,7722
9/24/2020,2/1/2020,8/1/2020,OH,Geauga County,39055,49,527
9/24/2020,2/1/2020,8/1/2020,OH,Hamilton County,39061,250,5646
9/24/2020,2/1/2020,8/1/2020,OH,Lake County,39085,24,1080
9/24/2020,2/1/2020,8/1/2020,OH,Licking County,39089,36,838
9/24/2020,2/1/2020,8/1/2020,OH,Lorain County,39093,53,1465
9/24/2020,2/1/2020,8/1/2020,OH,Lucas County,39095,358,3292
9/24/2020,2/1/2020,8/1/2020,OH,Mahoning County,39099,262,2181
9/24/2020,2/1/2020,8/1/2020,OH,Marion County,39101,32,397
9/24/2020,2/1/2020,8/1/2020,OH,Medina County,39103,22,731
9/24/2020,2/1/2020,8/1/2020,OH,Miami County,39109,26,529
9/24/2020,2/1/2020,8/1/2020,OH,Montgomery County,39113,124,4213
9/24/2020,2/1/2020,8/1/2020,OH,Ottawa County,39123,15,174
9/24/2020,2/1/2020,8/1/2020,OH,Pickaway County,39129,13,260
9/24/2020,2/1/2020,8/1/2020,OH,Portage County,39133,45,755
9/24/2020,2/1/2020,8/1/2020,OH,Putnam County,39137,11,125
9/24/2020,2/1/2020,8/1/2020,OH,Richland County,39139,12,742
9/24/2020,2/1/2020,8/1/2020,OH,Sandusky County,39143,12,281
9/24/2020,2/1/2020,8/1/2020,OH,Stark County,39151,142,2621
9/24/2020,2/1/2020,8/1/2020,OH,Summit County,39153,192,3520
9/24/2020,2/1/2020,8/1/2020,OH,Trumbull County,39155,62,1188
9/24/2020,2/1/2020,8/1/2020,OH,Tuscarawas County,39157,13,583
9/24/2020,2/1/2020,8/1/2020,OH,Warren County,39165,25,932
9/24/2020,2/1/2020,8/1/2020,OH,Washington County,39167,24,434
9/24/2020,2/1/2020,8/1/2020,OH,Wayne County,39169,55,618
9/24/2020,2/1/2020,8/1/2020,OH,Wood County,39173,36,696
9/24/2020,2/1/2020,8/1/2020,OK,Caddo County,40015,10,148
9/24/2020,2/1/2020,8/1/2020,OK,Cleveland County,40027,59,1043
9/24/2020,2/1/2020,8/1/2020,OK,Comanche County,40031,14,556
9/24/2020,2/1/2020,8/1/2020,OK,Delaware County,40041,19,265
9/24/2020,2/1/2020,8/1/2020,OK,Muskogee County,40101,20,513
9/24/2020,2/1/2020,8/1/2020,OK,Oklahoma County,40109,192,5441
9/24/2020,2/1/2020,8/1/2020,OK,Tulsa County,40143,207,4517
9/24/2020,2/1/2020,8/1/2020,OK,Washington County,40147,37,383
9/24/2020,2/1/2020,8/1/2020,OR,Clackamas County,41005,35,1876
9/24/2020,2/1/2020,8/1/2020,OR,Deschutes County,41017,13,910
9/24/2020,2/1/2020,8/1/2020,OR,Linn County,41043,10,766
9/24/2020,2/1/2020,8/1/2020,OR,Marion County,41047,63,1582
9/24/2020,2/1/2020,8/1/2020,OR,Multnomah County,41051,127,3703
9/24/2020,2/1/2020,8/1/2020,OR,Umatilla County,41059,21,329
9/24/2020,2/1/2020,8/1/2020,OR,Washington County,41067,41,1969
9/24/2020,2/1/2020,8/1/2020,OR,Yamhill County,41071,11,494
9/24/2020,2/1/2020,8/1/2020,PA,Adams County,42001,13,479
9/24/2020,2/1/2020,8/1/2020,PA,Allegheny County,42003,292,8801
9/24/2020,2/1/2020,8/1/2020,PA,Beaver County,42007,90,1080
9/24/2020,2/1/2020,8/1/2020,PA,Berks County,42011,352,2336
9/24/2020,2/1/2020,8/1/2020,PA,Blair County,42013,12,988
9/24/2020,2/1/2020,8/1/2020,PA,Bucks County,42017,570,3660
9/24/2020,2/1/2020,8/1/2020,PA,Carbon County,42025,19,325
9/24/2020,2/1/2020,8/1/2020,PA,Chester County,42029,402,2558
9/24/2020,2/1/2020,8/1/2020,PA,Columbia County,42037,26,250
9/24/2020,2/1/2020,8/1/2020,PA,Cumberland County,42041,101,1405
9/24/2020,2/1/2020,8/1/2020,PA,Dauphin County,42043,173,1870
9/24/2020,2/1/2020,8/1/2020,PA,Delaware County,42045,723,3322
9/24/2020,2/1/2020,8/1/2020,PA,Erie County,42049,26,1713
9/24/2020,2/1/2020,8/1/2020,PA,Franklin County,42055,48,875
9/24/2020,2/1/2020,8/1/2020,PA,Lackawanna County,42069,237,1804
9/24/2020,2/1/2020,8/1/2020,PA,Lancaster County,42071,395,3070
9/24/2020,2/1/2020,8/1/2020,PA,Lawrence County,42073,15,566
9/24/2020,2/1/2020,8/1/2020,PA,Lebanon County,42075,52,793
9/24/2020,2/1/2020,8/1/2020,PA,Lehigh County,42077,488,2896
9/24/2020,2/1/2020,8/1/2020,PA,Luzerne County,42079,181,2323
9/24/2020,2/1/2020,8/1/2020,PA,Lycoming County,42081,26,744
9/24/2020,2/1/2020,8/1/2020,PA,Mercer County,42085,13,700
9/24/2020,2/1/2020,8/1/2020,PA,Monroe County,42089,106,801
9/24/2020,2/1/2020,8/1/2020,PA,Montgomery County,42091,1120,5512
9/24/2020,2/1/2020,8/1/2020,PA,Montour County,42093,30,649
9/24/2020,2/1/2020,8/1/2020,PA,Northampton County,42095,266,1702
9/24/2020,2/1/2020,8/1/2020,PA,Philadelphia County,42101,1552,9860
9/24/2020,2/1/2020,8/1/2020,PA,Pike County,42103,13,172
9/24/2020,2/1/2020,8/1/2020,PA,Schuylkill County,42107,32,872
9/24/2020,2/1/2020,8/1/2020,PA,Susquehanna County,42115,34,250
9/24/2020,2/1/2020,8/1/2020,PA,Wayne County,42127,12,301
9/24/2020,2/1/2020,8/1/2020,PA,Westmoreland County,42129,38,1887
9/24/2020,2/1/2020,8/1/2020,PA,York County,42133,88,2326
9/24/2020,2/1/2020,8/1/2020,RI,Kent County,44003,111,933
9/24/2020,2/1/2020,8/1/2020,RI,Providence County,44007,831,4284
9/24/2020,2/1/2020,8/1/2020,RI,Washington County,44009,53,611
9/24/2020,2/1/2020,8/1/2020,SC,Aiken County,45003,26,940
9/24/2020,2/1/2020,8/1/2020,SC,Anderson County,45007,60,1385
9/24/2020,2/1/2020,8/1/2020,SC,Beaufort County,45013,37,863
9/24/2020,2/1/2020,8/1/2020,SC,Berkeley County,45015,35,764
9/24/2020,2/1/2020,8/1/2020,SC,Charleston County,45019,230,2766
9/24/2020,2/1/2020,8/1/2020,SC,Chesterfield County,45025,17,243
9/24/2020,2/1/2020,8/1/2020,SC,Clarendon County,45027,31,189
9/24/2020,2/1/2020,8/1/2020,SC,Colleton County,45029,30,300
9/24/2020,2/1/2020,8/1/2020,SC,Darlington County,45031,39,342
9/24/2020,2/1/2020,8/1/2020,SC,Dillon County,45033,10,176
9/24/2020,2/1/2020,8/1/2020,SC,Dorchester County,45035,25,513
9/24/2020,2/1/2020,8/1/2020,SC,Florence County,45041,192,1680
9/24/2020,2/1/2020,8/1/2020,SC,Georgetown County,45043,34,508
9/24/2020,2/1/2020,8/1/2020,SC,Greenville County,45045,206,3088
9/24/2020,2/1/2020,8/1/2020,SC,Greenwood County,45047,29,587
9/24/2020,2/1/2020,8/1/2020,SC,Horry County,45051,142,2296
9/24/2020,2/1/2020,8/1/2020,SC,Jasper County,45053,17,177
9/24/2020,2/1/2020,8/1/2020,SC,Lancaster County,45057,22,449
9/24/2020,2/1/2020,8/1/2020,SC,Laurens County,45059,22,397
9/24/2020,2/1/2020,8/1/2020,SC,Lexington County,45063,115,1613
9/24/2020,2/1/2020,8/1/2020,SC,Orangeburg County,45075,59,625
9/24/2020,2/1/2020,8/1/2020,SC,Pickens County,45077,14,504
9/24/2020,2/1/2020,8/1/2020,SC,Richland County,45079,202,2386
9/24/2020,2/1/2020,8/1/2020,SC,Spartanburg County,45083,129,2066
9/24/2020,2/1/2020,8/1/2020,SC,Sumter County,45085,45,655
9/24/2020,2/1/2020,8/1/2020,SC,Williamsburg County,45089,10,160
9/24/2020,2/1/2020,8/1/2020,SC,York County,45091,43,1181
9/24/2020,2/1/2020,8/1/2020,SD,Minnehaha County,46099,101,1305
9/24/2020,2/1/2020,8/1/2020,SD,Pennington County,46103,38,684
9/24/2020,2/1/2020,8/1/2020,TN,Bradley County,47011,12,601
9/24/2020,2/1/2020,8/1/2020,TN,Davidson County,47037,283,5165
9/24/2020,2/1/2020,8/1/2020,TN,Hamblen County,47063,15,449
9/24/2020,2/1/2020,8/1/2020,TN,Hamilton County,47065,83,2962
9/24/2020,2/1/2020,8/1/2020,TN,Knox County,47093,60,3618
9/24/2020,2/1/2020,8/1/2020,TN,McMinn County,47107,11,326
9/24/2020,2/1/2020,8/1/2020,TN,Madison County,47113,55,1084
9/24/2020,2/1/2020,8/1/2020,TN,Maury County,47119,13,609
9/24/2020,2/1/2020,8/1/2020,TN,Putnam County,47141,22,672
9/24/2020,2/1/2020,8/1/2020,TN,Rutherford County,47149,67,1465
9/24/2020,2/1/2020,8/1/2020,TN,Shelby County,47157,330,5854
9/24/2020,2/1/2020,8/1/2020,TN,Sullivan County,47163,18,1649
9/24/2020,2/1/2020,8/1/2020,TN,Sumner County,47165,71,870
9/24/2020,2/1/2020,8/1/2020,TN,Washington County,47179,12,1216
9/24/2020,2/1/2020,8/1/2020,TN,Williamson County,47187,25,672
9/24/2020,2/1/2020,8/1/2020,TX,Angelina County,48005,36,607
9/24/2020,2/1/2020,8/1/2020,TX,Atascosa County,48013,10,189
9/24/2020,2/1/2020,8/1/2020,TX,Bell County,48027,57,1682
9/24/2020,2/1/2020,8/1/2020,TX,Bexar County,48029,1108,9228
9/24/2020,2/1/2020,8/1/2020,TX,Bowie County,48037,47,851
9/24/2020,2/1/2020,8/1/2020,TX,Brazoria County,48039,91,1254
9/24/2020,2/1/2020,8/1/2020,TX,Brazos County,48041,81,850
9/24/2020,2/1/2020,8/1/2020,TX,Brown County,48049,21,260
9/24/2020,2/1/2020,8/1/2020,TX,Burnet County,48053,16,262
9/24/2020,2/1/2020,8/1/2020,TX,Caldwell County,48055,12,191
9/24/2020,2/1/2020,8/1/2020,TX,Cameron County,48061,662,2389
9/24/2020,2/1/2020,8/1/2020,TX,Collin County,48085,141,3334
9/24/2020,2/1/2020,8/1/2020,TX,Comal County,48091,82,777
9/24/2020,2/1/2020,8/1/2020,TX,Dallas County,48113,776,10234
9/24/2020,2/1/2020,8/1/2020,TX,Denton County,48121,111,2303
9/24/2020,2/1/2020,8/1/2020,TX,DeWitt County,48123,17,106
9/24/2020,2/1/2020,8/1/2020,TX,Ector County,48135,68,810
9/24/2020,2/1/2020,8/1/2020,TX,Ellis County,48139,32,657
9/24/2020,2/1/2020,8/1/2020,TX,El Paso County,48141,385,3830
9/24/2020,2/1/2020,8/1/2020,TX,Fort Bend County,48157,173,2033
9/24/2020,2/1/2020,8/1/2020,TX,Galveston County,48167,217,1573
9/24/2020,2/1/2020,8/1/2020,TX,Grayson County,48181,22,947
9/24/2020,2/1/2020,8/1/2020,TX,Gregg County,48183,59,1042
9/24/2020,2/1/2020,8/1/2020,TX,Guadalupe County,48187,47,555
9/24/2020,2/1/2020,8/1/2020,TX,Hale County,48189,19,117
9/24/2020,2/1/2020,8/1/2020,TX,Harris County,48201,1898,18378
9/24/2020,2/1/2020,8/1/2020,TX,Harrison County,48203,12,233
9/24/2020,2/1/2020,8/1/2020,TX,Hays County,48209,18,638
9/24/2020,2/1/2020,8/1/2020,TX,Hidalgo County,48215,959,3738
9/24/2020,2/1/2020,8/1/2020,TX,Hood County,48221,11,351
9/24/2020,2/1/2020,8/1/2020,TX,Hunt County,48231,19,486
9/24/2020,2/1/2020,8/1/2020,TX,Jefferson County,48245,131,1850
9/24/2020,2/1/2020,8/1/2020,TX,Kaufman County,48257,10,406
9/24/2020,2/1/2020,8/1/2020,TX,Kleberg County,48273,10,135
9/24/2020,2/1/2020,8/1/2020,TX,Lamar County,48277,32,394
9/24/2020,2/1/2020,8/1/2020,TX,Lubbock County,48303,144,2097
9/24/2020,2/1/2020,8/1/2020,TX,McLennan County,48309,71,1414
9/24/2020,2/1/2020,8/1/2020,TX,Matagorda County,48321,24,175
9/24/2020,2/1/2020,8/1/2020,TX,Maverick County,48323,37,215
9/24/2020,2/1/2020,8/1/2020,TX,Midland County,48329,46,642
9/24/2020,2/1/2020,8/1/2020,TX,Montgomery County,48339,187,3011
9/24/2020,2/1/2020,8/1/2020,TX,Nacogdoches County,48347,60,424
9/24/2020,2/1/2020,8/1/2020,TX,Nueces County,48355,272,2189
9/24/2020,2/1/2020,8/1/2020,TX,Panola County,48365,10,155
9/24/2020,2/1/2020,8/1/2020,TX,Parker County,48367,23,512
9/24/2020,2/1/2020,8/1/2020,TX,Potter County,48375,100,1217
9/24/2020,2/1/2020,8/1/2020,TX,Randall County,48381,12,348
9/24/2020,2/1/2020,8/1/2020,TX,Rockwall County,48397,36,470
9/24/2020,2/1/2020,8/1/2020,TX,Smith County,48423,88,2078
9/24/2020,2/1/2020,8/1/2020,TX,Starr County,48427,45,179
9/24/2020,2/1/2020,8/1/2020,TX,Tarrant County,48439,572,8904
9/24/2020,2/1/2020,8/1/2020,TX,Taylor County,48441,31,916
9/24/2020,2/1/2020,8/1/2020,TX,Titus County,48449,10,187
9/24/2020,2/1/2020,8/1/2020,TX,Tom Green County,48451,28,687
9/24/2020,2/1/2020,8/1/2020,TX,Travis County,48453,359,4061
9/24/2020,2/1/2020,8/1/2020,TX,Uvalde County,48463,12,146
9/24/2020,2/1/2020,8/1/2020,TX,Val Verde County,48465,36,193
9/24/2020,2/1/2020,8/1/2020,TX,Victoria County,48469,81,642
9/24/2020,2/1/2020,8/1/2020,TX,Walker County,48471,22,251
9/24/2020,2/1/2020,8/1/2020,TX,Washington County,48477,31,189
9/24/2020,2/1/2020,8/1/2020,TX,Webb County,48479,130,934
9/24/2020,2/1/2020,8/1/2020,TX,Wharton County,48481,17,189
9/24/2020,2/1/2020,8/1/2020,TX,Wichita County,48485,12,872
9/24/2020,2/1/2020,8/1/2020,TX,Williamson County,48491,130,1991
9/24/2020,2/1/2020,8/1/2020,TX,Wilson County,48493,13,196
9/24/2020,2/1/2020,8/1/2020,UT,Davis County,49011,12,1012
9/24/2020,2/1/2020,8/1/2020,UT,Salt Lake County,49035,217,4287
9/24/2020,2/1/2020,8/1/2020,UT,Utah County,49049,33,1499
9/24/2020,2/1/2020,8/1/2020,UT,Washington County,49053,32,942
9/24/2020,2/1/2020,8/1/2020,UT,Weber County,49057,25,1077
9/24/2020,2/1/2020,8/1/2020,VT,Chittenden County,50007,49,866
9/24/2020,2/1/2020,8/1/2020,VA,Accomack County,51001,18,238
9/24/2020,2/1/2020,8/1/2020,VA,Albemarle County,51003,33,603
9/24/2020,2/1/2020,8/1/2020,VA,Arlington County,51013,157,845
9/24/2020,2/1/2020,8/1/2020,VA,Augusta County,51015,10,497
9/24/2020,2/1/2020,8/1/2020,VA,Chesterfield County,51041,69,1419
9/24/2020,2/1/2020,8/1/2020,VA,Fairfax County,51059,479,3197
9/24/2020,2/1/2020,8/1/2020,VA,Hanover County,51085,68,742
9/24/2020,2/1/2020,8/1/2020,VA,Henrico County,51087,154,1900
9/24/2020,2/1/2020,8/1/2020,VA,James City County,51095,10,380
9/24/2020,2/1/2020,8/1/2020,VA,Loudoun County,51107,128,1057
9/24/2020,2/1/2020,8/1/2020,VA,Mecklenburg County,51117,29,258
9/24/2020,2/1/2020,8/1/2020,VA,Northampton County,51131,15,80
9/24/2020,2/1/2020,8/1/2020,VA,Page County,51139,23,146
9/24/2020,2/1/2020,8/1/2020,VA,Prince William County,51153,111,1027
9/24/2020,2/1/2020,8/1/2020,VA,Rockingham County,51165,39,490
9/24/2020,2/1/2020,8/1/2020,VA,Shenandoah County,51171,26,260
9/24/2020,2/1/2020,8/1/2020,VA,Southampton County,51175,10,76
9/24/2020,2/1/2020,8/1/2020,VA,Spotsylvania County,51177,23,423
9/24/2020,2/1/2020,8/1/2020,VA,York County,51199,14,278
9/24/2020,2/1/2020,8/1/2020,VA,Alexandria city,51510,85,543
9/24/2020,2/1/2020,8/1/2020,VA,Charlottesville city,51540,39,578
9/24/2020,2/1/2020,8/1/2020,VA,Chesapeake city,51550,23,995
9/24/2020,2/1/2020,8/1/2020,VA,Danville city,51590,10,437
9/24/2020,2/1/2020,8/1/2020,VA,Emporia city,51595,13,69
9/24/2020,2/1/2020,8/1/2020,VA,Fredericksburg city,51630,33,484
9/24/2020,2/1/2020,8/1/2020,VA,Galax city,51640,32,114
9/24/2020,2/1/2020,8/1/2020,VA,Hampton city,51650,13,639
9/24/2020,2/1/2020,8/1/2020,VA,Harrisonburg city,51660,15,152
9/24/2020,2/1/2020,8/1/2020,VA,Hopewell city,51670,12,177
9/24/2020,2/1/2020,8/1/2020,VA,Lynchburg city,51680,25,843
9/24/2020,2/1/2020,8/1/2020,VA,Manassas city,51683,82,307
9/24/2020,2/1/2020,8/1/2020,VA,Martinsville city,51690,10,209
9/24/2020,2/1/2020,8/1/2020,VA,Newport News city,51700,39,1102
9/24/2020,2/1/2020,8/1/2020,VA,Norfolk city,51710,61,1502
9/24/2020,2/1/2020,8/1/2020,VA,Petersburg city,51730,57,454
9/24/2020,2/1/2020,8/1/2020,VA,Portsmouth city,51740,33,605
9/24/2020,2/1/2020,8/1/2020,VA,Richmond city,51760,71,1671
9/24/2020,2/1/2020,8/1/2020,VA,Roanoke city,51770,35,1279
9/24/2020,2/1/2020,8/1/2020,VA,Salem city,51775,23,501
9/24/2020,2/1/2020,8/1/2020,VA,Suffolk city,51800,61,536
9/24/2020,2/1/2020,8/1/2020,VA,Virginia Beach city,51810,51,1719
9/24/2020,2/1/2020,8/1/2020,VA,Winchester city,51840,29,604
9/24/2020,2/1/2020,8/1/2020,WA,Benton County,53005,126,1096
9/24/2020,2/1/2020,8/1/2020,WA,Chelan County,53007,18,513
9/24/2020,2/1/2020,8/1/2020,WA,Clark County,53011,41,2170
9/24/2020,2/1/2020,8/1/2020,WA,Franklin County,53021,22,169
9/24/2020,2/1/2020,8/1/2020,WA,Island County,53029,13,315
9/24/2020,2/1/2020,8/1/2020,WA,King County,53033,636,7902
9/24/2020,2/1/2020,8/1/2020,WA,Kittitas County,53037,17,163
9/24/2020,2/1/2020,8/1/2020,WA,Pierce County,53053,128,3901
9/24/2020,2/1/2020,8/1/2020,WA,Skagit County,53057,17,661
9/24/2020,2/1/2020,8/1/2020,WA,Snohomish County,53061,155,2973
9/24/2020,2/1/2020,8/1/2020,WA,Spokane County,53063,76,2843
9/24/2020,2/1/2020,8/1/2020,WA,Thurston County,53067,12,1338
9/24/2020,2/1/2020,8/1/2020,WA,Whatcom County,53073,44,973
9/24/2020,2/1/2020,8/1/2020,WA,Yakima County,53077,176,1237
9/24/2020,2/1/2020,8/1/2020,WV,Berkeley County,54003,11,572
9/24/2020,2/1/2020,8/1/2020,WV,Kanawha County,54039,34,1725
9/24/2020,2/1/2020,8/1/2020,WV,Monongalia County,54061,18,995
9/24/2020,2/1/2020,8/1/2020,WV,Ohio County,54069,16,553
9/24/2020,2/1/2020,8/1/2020,WV,Wayne County,54099,10,156
9/24/2020,2/1/2020,8/1/2020,WI,Brown County,55009,59,1450
9/24/2020,2/1/2020,8/1/2020,WI,Dane County,55025,54,2444
9/24/2020,2/1/2020,8/1/2020,WI,Grant County,55043,13,232
9/24/2020,2/1/2020,8/1/2020,WI,Kenosha County,55059,70,847
9/24/2020,2/1/2020,8/1/2020,WI,La Crosse County,55063,10,785
9/24/2020,2/1/2020,8/1/2020,WI,Milwaukee County,55079,437,5626
9/24/2020,2/1/2020,8/1/2020,WI,Outagamie County,55087,16,897
9/24/2020,2/1/2020,8/1/2020,WI,Ozaukee County,55089,49,624
9/24/2020,2/1/2020,8/1/2020,WI,Racine County,55101,54,977
9/24/2020,2/1/2020,8/1/2020,WI,Rock County,55105,23,898
9/24/2020,2/1/2020,8/1/2020,WI,Sheboygan County,55117,12,587
9/24/2020,2/1/2020,8/1/2020,WI,Walworth County,55127,22,462
9/24/2020,2/1/2020,8/1/2020,WI,Washington County,55131,12,563
9/24/2020,2/1/2020,8/1/2020,WI,Waukesha County,55133,52,1913
9/24/2020,2/1/2020,8/1/2020,WI,Waupaca County,55135,12,317
9/24/2020,2/1/2020,8/1/2020,WI,Winnebago County,55139,15,893
